rgb_path	depth_path
data/nyu2_train/dining_room_0031_out/53.jpg	data/nyu2_train/dining_room_0031_out/53.png
data/nyu2_train/dining_room_0031_out/254.jpg	data/nyu2_train/dining_room_0031_out/254.png
data/nyu2_train/dining_room_0031_out/412.jpg	data/nyu2_train/dining_room_0031_out/412.png
data/nyu2_train/dining_room_0031_out/11.jpg	data/nyu2_train/dining_room_0031_out/11.png
data/nyu2_train/dining_room_0031_out/46.jpg	data/nyu2_train/dining_room_0031_out/46.png
data/nyu2_train/dining_room_0031_out/259.jpg	data/nyu2_train/dining_room_0031_out/259.png
data/nyu2_train/dining_room_0031_out/203.jpg	data/nyu2_train/dining_room_0031_out/203.png
data/nyu2_train/dining_room_0031_out/457.jpg	data/nyu2_train/dining_room_0031_out/457.png
data/nyu2_train/dining_room_0031_out/531.jpg	data/nyu2_train/dining_room_0031_out/531.png
data/nyu2_train/dining_room_0031_out/298.jpg	data/nyu2_train/dining_room_0031_out/298.png
data/nyu2_train/dining_room_0031_out/312.jpg	data/nyu2_train/dining_room_0031_out/312.png
data/nyu2_train/dining_room_0031_out/318.jpg	data/nyu2_train/dining_room_0031_out/318.png
data/nyu2_train/dining_room_0031_out/230.jpg	data/nyu2_train/dining_room_0031_out/230.png
data/nyu2_train/dining_room_0031_out/135.jpg	data/nyu2_train/dining_room_0031_out/135.png
data/nyu2_train/dining_room_0031_out/39.jpg	data/nyu2_train/dining_room_0031_out/39.png
data/nyu2_train/dining_room_0031_out/509.jpg	data/nyu2_train/dining_room_0031_out/509.png
data/nyu2_train/dining_room_0031_out/354.jpg	data/nyu2_train/dining_room_0031_out/354.png
data/nyu2_train/dining_room_0031_out/476.jpg	data/nyu2_train/dining_room_0031_out/476.png
data/nyu2_train/dining_room_0031_out/349.jpg	data/nyu2_train/dining_room_0031_out/349.png
data/nyu2_train/dining_room_0031_out/449.jpg	data/nyu2_train/dining_room_0031_out/449.png
data/nyu2_train/dining_room_0031_out/465.jpg	data/nyu2_train/dining_room_0031_out/465.png
data/nyu2_train/dining_room_0031_out/558.jpg	data/nyu2_train/dining_room_0031_out/558.png
data/nyu2_train/dining_room_0031_out/217.jpg	data/nyu2_train/dining_room_0031_out/217.png
data/nyu2_train/dining_room_0031_out/208.jpg	data/nyu2_train/dining_room_0031_out/208.png
data/nyu2_train/dining_room_0031_out/529.jpg	data/nyu2_train/dining_room_0031_out/529.png
data/nyu2_train/dining_room_0031_out/222.jpg	data/nyu2_train/dining_room_0031_out/222.png
data/nyu2_train/dining_room_0031_out/433.jpg	data/nyu2_train/dining_room_0031_out/433.png
data/nyu2_train/dining_room_0031_out/549.jpg	data/nyu2_train/dining_room_0031_out/549.png
data/nyu2_train/dining_room_0031_out/337.jpg	data/nyu2_train/dining_room_0031_out/337.png
data/nyu2_train/dining_room_0031_out/383.jpg	data/nyu2_train/dining_room_0031_out/383.png
data/nyu2_train/dining_room_0031_out/372.jpg	data/nyu2_train/dining_room_0031_out/372.png
data/nyu2_train/dining_room_0031_out/71.jpg	data/nyu2_train/dining_room_0031_out/71.png
data/nyu2_train/dining_room_0031_out/228.jpg	data/nyu2_train/dining_room_0031_out/228.png
data/nyu2_train/dining_room_0031_out/29.jpg	data/nyu2_train/dining_room_0031_out/29.png
data/nyu2_train/dining_room_0031_out/14.jpg	data/nyu2_train/dining_room_0031_out/14.png
data/nyu2_train/dining_room_0031_out/194.jpg	data/nyu2_train/dining_room_0031_out/194.png
data/nyu2_train/dining_room_0031_out/113.jpg	data/nyu2_train/dining_room_0031_out/113.png
data/nyu2_train/dining_room_0031_out/366.jpg	data/nyu2_train/dining_room_0031_out/366.png
data/nyu2_train/dining_room_0031_out/245.jpg	data/nyu2_train/dining_room_0031_out/245.png
data/nyu2_train/dining_room_0031_out/376.jpg	data/nyu2_train/dining_room_0031_out/376.png
data/nyu2_train/dining_room_0031_out/241.jpg	data/nyu2_train/dining_room_0031_out/241.png
data/nyu2_train/dining_room_0031_out/316.jpg	data/nyu2_train/dining_room_0031_out/316.png
data/nyu2_train/dining_room_0031_out/138.jpg	data/nyu2_train/dining_room_0031_out/138.png
data/nyu2_train/dining_room_0031_out/243.jpg	data/nyu2_train/dining_room_0031_out/243.png
data/nyu2_train/dining_room_0031_out/30.jpg	data/nyu2_train/dining_room_0031_out/30.png
data/nyu2_train/dining_room_0031_out/516.jpg	data/nyu2_train/dining_room_0031_out/516.png
data/nyu2_train/dining_room_0031_out/183.jpg	data/nyu2_train/dining_room_0031_out/183.png
data/nyu2_train/dining_room_0031_out/308.jpg	data/nyu2_train/dining_room_0031_out/308.png
data/nyu2_train/dining_room_0031_out/207.jpg	data/nyu2_train/dining_room_0031_out/207.png
data/nyu2_train/dining_room_0031_out/351.jpg	data/nyu2_train/dining_room_0031_out/351.png
data/nyu2_train/dining_room_0031_out/330.jpg	data/nyu2_train/dining_room_0031_out/330.png
data/nyu2_train/dining_room_0031_out/16.jpg	data/nyu2_train/dining_room_0031_out/16.png
data/nyu2_train/dining_room_0031_out/226.jpg	data/nyu2_train/dining_room_0031_out/226.png
data/nyu2_train/dining_room_0031_out/105.jpg	data/nyu2_train/dining_room_0031_out/105.png
data/nyu2_train/dining_room_0031_out/62.jpg	data/nyu2_train/dining_room_0031_out/62.png
data/nyu2_train/dining_room_0031_out/458.jpg	data/nyu2_train/dining_room_0031_out/458.png
data/nyu2_train/dining_room_0031_out/435.jpg	data/nyu2_train/dining_room_0031_out/435.png
data/nyu2_train/dining_room_0031_out/411.jpg	data/nyu2_train/dining_room_0031_out/411.png
data/nyu2_train/dining_room_0031_out/56.jpg	data/nyu2_train/dining_room_0031_out/56.png
data/nyu2_train/dining_room_0031_out/547.jpg	data/nyu2_train/dining_room_0031_out/547.png
data/nyu2_train/dining_room_0031_out/489.jpg	data/nyu2_train/dining_room_0031_out/489.png
data/nyu2_train/dining_room_0031_out/198.jpg	data/nyu2_train/dining_room_0031_out/198.png
data/nyu2_train/dining_room_0031_out/360.jpg	data/nyu2_train/dining_room_0031_out/360.png
data/nyu2_train/dining_room_0031_out/119.jpg	data/nyu2_train/dining_room_0031_out/119.png
data/nyu2_train/dining_room_0031_out/42.jpg	data/nyu2_train/dining_room_0031_out/42.png
data/nyu2_train/dining_room_0031_out/180.jpg	data/nyu2_train/dining_room_0031_out/180.png
data/nyu2_train/dining_room_0031_out/231.jpg	data/nyu2_train/dining_room_0031_out/231.png
data/nyu2_train/dining_room_0031_out/193.jpg	data/nyu2_train/dining_room_0031_out/193.png
data/nyu2_train/dining_room_0031_out/345.jpg	data/nyu2_train/dining_room_0031_out/345.png
data/nyu2_train/dining_room_0031_out/364.jpg	data/nyu2_train/dining_room_0031_out/364.png
data/nyu2_train/dining_room_0031_out/524.jpg	data/nyu2_train/dining_room_0031_out/524.png
data/nyu2_train/dining_room_0031_out/495.jpg	data/nyu2_train/dining_room_0031_out/495.png
data/nyu2_train/dining_room_0031_out/2.jpg	data/nyu2_train/dining_room_0031_out/2.png
data/nyu2_train/dining_room_0031_out/210.jpg	data/nyu2_train/dining_room_0031_out/210.png
data/nyu2_train/dining_room_0031_out/353.jpg	data/nyu2_train/dining_room_0031_out/353.png
data/nyu2_train/dining_room_0031_out/129.jpg	data/nyu2_train/dining_room_0031_out/129.png
data/nyu2_train/dining_room_0031_out/519.jpg	data/nyu2_train/dining_room_0031_out/519.png
data/nyu2_train/dining_room_0031_out/348.jpg	data/nyu2_train/dining_room_0031_out/348.png
data/nyu2_train/dining_room_0031_out/572.jpg	data/nyu2_train/dining_room_0031_out/572.png
data/nyu2_train/dining_room_0031_out/338.jpg	data/nyu2_train/dining_room_0031_out/338.png
data/nyu2_train/dining_room_0031_out/160.jpg	data/nyu2_train/dining_room_0031_out/160.png
data/nyu2_train/dining_room_0031_out/398.jpg	data/nyu2_train/dining_room_0031_out/398.png
data/nyu2_train/dining_room_0031_out/503.jpg	data/nyu2_train/dining_room_0031_out/503.png
data/nyu2_train/dining_room_0031_out/126.jpg	data/nyu2_train/dining_room_0031_out/126.png
data/nyu2_train/dining_room_0031_out/91.jpg	data/nyu2_train/dining_room_0031_out/91.png
data/nyu2_train/dining_room_0031_out/279.jpg	data/nyu2_train/dining_room_0031_out/279.png
data/nyu2_train/dining_room_0031_out/273.jpg	data/nyu2_train/dining_room_0031_out/273.png
data/nyu2_train/dining_room_0031_out/537.jpg	data/nyu2_train/dining_room_0031_out/537.png
data/nyu2_train/dining_room_0031_out/486.jpg	data/nyu2_train/dining_room_0031_out/486.png
data/nyu2_train/dining_room_0031_out/162.jpg	data/nyu2_train/dining_room_0031_out/162.png
data/nyu2_train/dining_room_0031_out/390.jpg	data/nyu2_train/dining_room_0031_out/390.png
data/nyu2_train/dining_room_0031_out/93.jpg	data/nyu2_train/dining_room_0031_out/93.png
data/nyu2_train/dining_room_0031_out/70.jpg	data/nyu2_train/dining_room_0031_out/70.png
data/nyu2_train/dining_room_0031_out/60.jpg	data/nyu2_train/dining_room_0031_out/60.png
data/nyu2_train/dining_room_0031_out/573.jpg	data/nyu2_train/dining_room_0031_out/573.png
data/nyu2_train/dining_room_0031_out/3.jpg	data/nyu2_train/dining_room_0031_out/3.png
data/nyu2_train/dining_room_0031_out/575.jpg	data/nyu2_train/dining_room_0031_out/575.png
data/nyu2_train/dining_room_0031_out/283.jpg	data/nyu2_train/dining_room_0031_out/283.png
data/nyu2_train/dining_room_0031_out/397.jpg	data/nyu2_train/dining_room_0031_out/397.png
data/nyu2_train/dining_room_0031_out/394.jpg	data/nyu2_train/dining_room_0031_out/394.png
data/nyu2_train/dining_room_0031_out/282.jpg	data/nyu2_train/dining_room_0031_out/282.png
data/nyu2_train/dining_room_0031_out/255.jpg	data/nyu2_train/dining_room_0031_out/255.png
data/nyu2_train/dining_room_0031_out/480.jpg	data/nyu2_train/dining_room_0031_out/480.png
data/nyu2_train/dining_room_0031_out/132.jpg	data/nyu2_train/dining_room_0031_out/132.png
data/nyu2_train/dining_room_0031_out/54.jpg	data/nyu2_train/dining_room_0031_out/54.png
data/nyu2_train/dining_room_0031_out/244.jpg	data/nyu2_train/dining_room_0031_out/244.png
data/nyu2_train/dining_room_0031_out/248.jpg	data/nyu2_train/dining_room_0031_out/248.png
data/nyu2_train/dining_room_0031_out/146.jpg	data/nyu2_train/dining_room_0031_out/146.png
data/nyu2_train/dining_room_0031_out/289.jpg	data/nyu2_train/dining_room_0031_out/289.png
data/nyu2_train/dining_room_0031_out/485.jpg	data/nyu2_train/dining_room_0031_out/485.png
data/nyu2_train/dining_room_0031_out/121.jpg	data/nyu2_train/dining_room_0031_out/121.png
data/nyu2_train/dining_room_0031_out/408.jpg	data/nyu2_train/dining_room_0031_out/408.png
data/nyu2_train/dining_room_0031_out/122.jpg	data/nyu2_train/dining_room_0031_out/122.png
data/nyu2_train/dining_room_0031_out/130.jpg	data/nyu2_train/dining_room_0031_out/130.png
data/nyu2_train/dining_room_0031_out/214.jpg	data/nyu2_train/dining_room_0031_out/214.png
data/nyu2_train/dining_room_0031_out/377.jpg	data/nyu2_train/dining_room_0031_out/377.png
data/nyu2_train/dining_room_0031_out/252.jpg	data/nyu2_train/dining_room_0031_out/252.png
data/nyu2_train/dining_room_0031_out/451.jpg	data/nyu2_train/dining_room_0031_out/451.png
data/nyu2_train/dining_room_0031_out/10.jpg	data/nyu2_train/dining_room_0031_out/10.png
data/nyu2_train/dining_room_0031_out/262.jpg	data/nyu2_train/dining_room_0031_out/262.png
data/nyu2_train/dining_room_0031_out/536.jpg	data/nyu2_train/dining_room_0031_out/536.png
data/nyu2_train/dining_room_0031_out/287.jpg	data/nyu2_train/dining_room_0031_out/287.png
data/nyu2_train/dining_room_0031_out/384.jpg	data/nyu2_train/dining_room_0031_out/384.png
data/nyu2_train/dining_room_0031_out/249.jpg	data/nyu2_train/dining_room_0031_out/249.png
data/nyu2_train/dining_room_0031_out/4.jpg	data/nyu2_train/dining_room_0031_out/4.png
data/nyu2_train/dining_room_0031_out/153.jpg	data/nyu2_train/dining_room_0031_out/153.png
data/nyu2_train/dining_room_0031_out/468.jpg	data/nyu2_train/dining_room_0031_out/468.png
data/nyu2_train/dining_room_0031_out/574.jpg	data/nyu2_train/dining_room_0031_out/574.png
data/nyu2_train/dining_room_0031_out/304.jpg	data/nyu2_train/dining_room_0031_out/304.png
data/nyu2_train/dining_room_0031_out/344.jpg	data/nyu2_train/dining_room_0031_out/344.png
data/nyu2_train/dining_room_0031_out/12.jpg	data/nyu2_train/dining_room_0031_out/12.png
data/nyu2_train/dining_room_0031_out/205.jpg	data/nyu2_train/dining_room_0031_out/205.png
data/nyu2_train/dining_room_0031_out/424.jpg	data/nyu2_train/dining_room_0031_out/424.png
data/nyu2_train/dining_room_0031_out/484.jpg	data/nyu2_train/dining_room_0031_out/484.png
data/nyu2_train/dining_room_0031_out/560.jpg	data/nyu2_train/dining_room_0031_out/560.png
data/nyu2_train/dining_room_0031_out/275.jpg	data/nyu2_train/dining_room_0031_out/275.png
data/nyu2_train/dining_room_0031_out/163.jpg	data/nyu2_train/dining_room_0031_out/163.png
data/nyu2_train/dining_room_0031_out/268.jpg	data/nyu2_train/dining_room_0031_out/268.png
data/nyu2_train/dining_room_0031_out/229.jpg	data/nyu2_train/dining_room_0031_out/229.png
data/nyu2_train/dining_room_0031_out/548.jpg	data/nyu2_train/dining_room_0031_out/548.png
data/nyu2_train/dining_room_0031_out/184.jpg	data/nyu2_train/dining_room_0031_out/184.png
data/nyu2_train/dining_room_0031_out/169.jpg	data/nyu2_train/dining_room_0031_out/169.png
data/nyu2_train/dining_room_0031_out/339.jpg	data/nyu2_train/dining_room_0031_out/339.png
data/nyu2_train/dining_room_0031_out/455.jpg	data/nyu2_train/dining_room_0031_out/455.png
data/nyu2_train/dining_room_0031_out/168.jpg	data/nyu2_train/dining_room_0031_out/168.png
data/nyu2_train/dining_room_0031_out/413.jpg	data/nyu2_train/dining_room_0031_out/413.png
data/nyu2_train/dining_room_0031_out/104.jpg	data/nyu2_train/dining_room_0031_out/104.png
data/nyu2_train/dining_room_0031_out/555.jpg	data/nyu2_train/dining_room_0031_out/555.png
data/nyu2_train/dining_room_0031_out/442.jpg	data/nyu2_train/dining_room_0031_out/442.png
data/nyu2_train/dining_room_0031_out/134.jpg	data/nyu2_train/dining_room_0031_out/134.png
data/nyu2_train/dining_room_0031_out/429.jpg	data/nyu2_train/dining_room_0031_out/429.png
data/nyu2_train/dining_room_0031_out/332.jpg	data/nyu2_train/dining_room_0031_out/332.png
data/nyu2_train/dining_room_0031_out/188.jpg	data/nyu2_train/dining_room_0031_out/188.png
data/nyu2_train/dining_room_0031_out/100.jpg	data/nyu2_train/dining_room_0031_out/100.png
data/nyu2_train/dining_room_0031_out/209.jpg	data/nyu2_train/dining_room_0031_out/209.png
data/nyu2_train/dining_room_0031_out/64.jpg	data/nyu2_train/dining_room_0031_out/64.png
data/nyu2_train/dining_room_0031_out/227.jpg	data/nyu2_train/dining_room_0031_out/227.png
data/nyu2_train/dining_room_0031_out/291.jpg	data/nyu2_train/dining_room_0031_out/291.png
data/nyu2_train/dining_room_0031_out/327.jpg	data/nyu2_train/dining_room_0031_out/327.png
data/nyu2_train/dining_room_0031_out/340.jpg	data/nyu2_train/dining_room_0031_out/340.png
data/nyu2_train/dining_room_0031_out/507.jpg	data/nyu2_train/dining_room_0031_out/507.png
data/nyu2_train/dining_room_0031_out/147.jpg	data/nyu2_train/dining_room_0031_out/147.png
data/nyu2_train/dining_room_0031_out/264.jpg	data/nyu2_train/dining_room_0031_out/264.png
data/nyu2_train/dining_room_0031_out/103.jpg	data/nyu2_train/dining_room_0031_out/103.png
data/nyu2_train/dining_room_0031_out/67.jpg	data/nyu2_train/dining_room_0031_out/67.png
data/nyu2_train/dining_room_0031_out/114.jpg	data/nyu2_train/dining_room_0031_out/114.png
data/nyu2_train/dining_room_0031_out/8.jpg	data/nyu2_train/dining_room_0031_out/8.png
data/nyu2_train/dining_room_0031_out/387.jpg	data/nyu2_train/dining_room_0031_out/387.png
data/nyu2_train/dining_room_0031_out/285.jpg	data/nyu2_train/dining_room_0031_out/285.png
data/nyu2_train/dining_room_0031_out/253.jpg	data/nyu2_train/dining_room_0031_out/253.png
data/nyu2_train/dining_room_0031_out/421.jpg	data/nyu2_train/dining_room_0031_out/421.png
data/nyu2_train/dining_room_0031_out/361.jpg	data/nyu2_train/dining_room_0031_out/361.png
data/nyu2_train/dining_room_0031_out/382.jpg	data/nyu2_train/dining_room_0031_out/382.png
data/nyu2_train/dining_room_0031_out/386.jpg	data/nyu2_train/dining_room_0031_out/386.png
data/nyu2_train/dining_room_0031_out/127.jpg	data/nyu2_train/dining_room_0031_out/127.png
data/nyu2_train/dining_room_0031_out/407.jpg	data/nyu2_train/dining_room_0031_out/407.png
data/nyu2_train/dining_room_0031_out/419.jpg	data/nyu2_train/dining_room_0031_out/419.png
data/nyu2_train/dining_room_0031_out/43.jpg	data/nyu2_train/dining_room_0031_out/43.png
data/nyu2_train/dining_room_0031_out/212.jpg	data/nyu2_train/dining_room_0031_out/212.png
data/nyu2_train/dining_room_0031_out/191.jpg	data/nyu2_train/dining_room_0031_out/191.png
data/nyu2_train/dining_room_0031_out/144.jpg	data/nyu2_train/dining_room_0031_out/144.png
data/nyu2_train/dining_room_0031_out/17.jpg	data/nyu2_train/dining_room_0031_out/17.png
data/nyu2_train/dining_room_0031_out/151.jpg	data/nyu2_train/dining_room_0031_out/151.png
data/nyu2_train/dining_room_0031_out/479.jpg	data/nyu2_train/dining_room_0031_out/479.png
data/nyu2_train/dining_room_0031_out/185.jpg	data/nyu2_train/dining_room_0031_out/185.png
data/nyu2_train/dining_room_0031_out/265.jpg	data/nyu2_train/dining_room_0031_out/265.png
data/nyu2_train/dining_room_0031_out/242.jpg	data/nyu2_train/dining_room_0031_out/242.png
data/nyu2_train/dining_room_0031_out/35.jpg	data/nyu2_train/dining_room_0031_out/35.png
data/nyu2_train/dining_room_0031_out/568.jpg	data/nyu2_train/dining_room_0031_out/568.png
data/nyu2_train/dining_room_0031_out/201.jpg	data/nyu2_train/dining_room_0031_out/201.png
data/nyu2_train/dining_room_0031_out/471.jpg	data/nyu2_train/dining_room_0031_out/471.png
data/nyu2_train/dining_room_0031_out/357.jpg	data/nyu2_train/dining_room_0031_out/357.png
data/nyu2_train/dining_room_0031_out/40.jpg	data/nyu2_train/dining_room_0031_out/40.png
data/nyu2_train/dining_room_0031_out/55.jpg	data/nyu2_train/dining_room_0031_out/55.png
data/nyu2_train/dining_room_0031_out/473.jpg	data/nyu2_train/dining_room_0031_out/473.png
data/nyu2_train/dining_room_0031_out/333.jpg	data/nyu2_train/dining_room_0031_out/333.png
data/nyu2_train/dining_room_0031_out/477.jpg	data/nyu2_train/dining_room_0031_out/477.png
data/nyu2_train/dining_room_0031_out/95.jpg	data/nyu2_train/dining_room_0031_out/95.png
data/nyu2_train/dining_room_0031_out/45.jpg	data/nyu2_train/dining_room_0031_out/45.png
data/nyu2_train/dining_room_0031_out/467.jpg	data/nyu2_train/dining_room_0031_out/467.png
data/nyu2_train/dining_room_0031_out/174.jpg	data/nyu2_train/dining_room_0031_out/174.png
data/nyu2_train/dining_room_0031_out/363.jpg	data/nyu2_train/dining_room_0031_out/363.png
data/nyu2_train/dining_room_0031_out/493.jpg	data/nyu2_train/dining_room_0031_out/493.png
data/nyu2_train/dining_room_0031_out/313.jpg	data/nyu2_train/dining_room_0031_out/313.png
data/nyu2_train/dining_room_0031_out/434.jpg	data/nyu2_train/dining_room_0031_out/434.png
data/nyu2_train/dining_room_0031_out/405.jpg	data/nyu2_train/dining_room_0031_out/405.png
data/nyu2_train/dining_room_0031_out/570.jpg	data/nyu2_train/dining_room_0031_out/570.png
data/nyu2_train/dining_room_0031_out/82.jpg	data/nyu2_train/dining_room_0031_out/82.png
data/nyu2_train/dining_room_0031_out/108.jpg	data/nyu2_train/dining_room_0031_out/108.png
data/nyu2_train/dining_room_0031_out/418.jpg	data/nyu2_train/dining_room_0031_out/418.png
data/nyu2_train/dining_room_0031_out/297.jpg	data/nyu2_train/dining_room_0031_out/297.png
data/nyu2_train/dining_room_0031_out/79.jpg	data/nyu2_train/dining_room_0031_out/79.png
data/nyu2_train/dining_room_0031_out/431.jpg	data/nyu2_train/dining_room_0031_out/431.png
data/nyu2_train/dining_room_0031_out/31.jpg	data/nyu2_train/dining_room_0031_out/31.png
data/nyu2_train/dining_room_0031_out/137.jpg	data/nyu2_train/dining_room_0031_out/137.png
data/nyu2_train/dining_room_0031_out/47.jpg	data/nyu2_train/dining_room_0031_out/47.png
data/nyu2_train/dining_room_0031_out/111.jpg	data/nyu2_train/dining_room_0031_out/111.png
data/nyu2_train/dining_room_0031_out/41.jpg	data/nyu2_train/dining_room_0031_out/41.png
data/nyu2_train/dining_room_0031_out/50.jpg	data/nyu2_train/dining_room_0031_out/50.png
data/nyu2_train/dining_room_0031_out/140.jpg	data/nyu2_train/dining_room_0031_out/140.png
data/nyu2_train/dining_room_0031_out/355.jpg	data/nyu2_train/dining_room_0031_out/355.png
data/nyu2_train/dining_room_0031_out/19.jpg	data/nyu2_train/dining_room_0031_out/19.png
data/nyu2_train/dining_room_0031_out/550.jpg	data/nyu2_train/dining_room_0031_out/550.png
data/nyu2_train/dining_room_0031_out/526.jpg	data/nyu2_train/dining_room_0031_out/526.png
data/nyu2_train/dining_room_0031_out/58.jpg	data/nyu2_train/dining_room_0031_out/58.png
data/nyu2_train/dining_room_0031_out/343.jpg	data/nyu2_train/dining_room_0031_out/343.png
data/nyu2_train/dining_room_0031_out/98.jpg	data/nyu2_train/dining_room_0031_out/98.png
data/nyu2_train/dining_room_0031_out/76.jpg	data/nyu2_train/dining_room_0031_out/76.png
data/nyu2_train/dining_room_0031_out/124.jpg	data/nyu2_train/dining_room_0031_out/124.png
data/nyu2_train/dining_room_0031_out/566.jpg	data/nyu2_train/dining_room_0031_out/566.png
data/nyu2_train/dining_room_0031_out/352.jpg	data/nyu2_train/dining_room_0031_out/352.png
data/nyu2_train/dining_room_0031_out/128.jpg	data/nyu2_train/dining_room_0031_out/128.png
data/nyu2_train/dining_room_0031_out/460.jpg	data/nyu2_train/dining_room_0031_out/460.png
data/nyu2_train/dining_room_0031_out/358.jpg	data/nyu2_train/dining_room_0031_out/358.png
data/nyu2_train/dining_room_0031_out/370.jpg	data/nyu2_train/dining_room_0031_out/370.png
data/nyu2_train/dining_room_0031_out/293.jpg	data/nyu2_train/dining_room_0031_out/293.png
data/nyu2_train/dining_room_0031_out/324.jpg	data/nyu2_train/dining_room_0031_out/324.png
data/nyu2_train/dining_room_0031_out/261.jpg	data/nyu2_train/dining_room_0031_out/261.png
data/nyu2_train/dining_room_0031_out/328.jpg	data/nyu2_train/dining_room_0031_out/328.png
data/nyu2_train/dining_room_0031_out/170.jpg	data/nyu2_train/dining_room_0031_out/170.png
data/nyu2_train/dining_room_0031_out/317.jpg	data/nyu2_train/dining_room_0031_out/317.png
data/nyu2_train/dining_room_0031_out/149.jpg	data/nyu2_train/dining_room_0031_out/149.png
data/nyu2_train/dining_room_0031_out/488.jpg	data/nyu2_train/dining_room_0031_out/488.png
data/nyu2_train/dining_room_0031_out/69.jpg	data/nyu2_train/dining_room_0031_out/69.png
data/nyu2_train/dining_room_0031_out/448.jpg	data/nyu2_train/dining_room_0031_out/448.png
data/nyu2_train/dining_room_0031_out/155.jpg	data/nyu2_train/dining_room_0031_out/155.png
data/nyu2_train/dining_room_0031_out/520.jpg	data/nyu2_train/dining_room_0031_out/520.png
data/nyu2_train/dining_room_0031_out/563.jpg	data/nyu2_train/dining_room_0031_out/563.png
data/nyu2_train/dining_room_0031_out/5.jpg	data/nyu2_train/dining_room_0031_out/5.png
data/nyu2_train/dining_room_0031_out/554.jpg	data/nyu2_train/dining_room_0031_out/554.png
data/nyu2_train/dining_room_0031_out/311.jpg	data/nyu2_train/dining_room_0031_out/311.png
data/nyu2_train/dining_room_0031_out/131.jpg	data/nyu2_train/dining_room_0031_out/131.png
data/nyu2_train/dining_room_0031_out/425.jpg	data/nyu2_train/dining_room_0031_out/425.png
data/nyu2_train/dining_room_0031_out/511.jpg	data/nyu2_train/dining_room_0031_out/511.png
data/nyu2_train/dining_room_0031_out/101.jpg	data/nyu2_train/dining_room_0031_out/101.png
data/nyu2_train/dining_room_0031_out/290.jpg	data/nyu2_train/dining_room_0031_out/290.png
data/nyu2_train/dining_room_0031_out/276.jpg	data/nyu2_train/dining_room_0031_out/276.png
data/nyu2_train/dining_room_0031_out/562.jpg	data/nyu2_train/dining_room_0031_out/562.png
data/nyu2_train/dining_room_0031_out/306.jpg	data/nyu2_train/dining_room_0031_out/306.png
data/nyu2_train/dining_room_0031_out/239.jpg	data/nyu2_train/dining_room_0031_out/239.png
data/nyu2_train/dining_room_0031_out/299.jpg	data/nyu2_train/dining_room_0031_out/299.png
data/nyu2_train/dining_room_0031_out/225.jpg	data/nyu2_train/dining_room_0031_out/225.png
data/nyu2_train/dining_room_0031_out/427.jpg	data/nyu2_train/dining_room_0031_out/427.png
data/nyu2_train/dining_room_0031_out/356.jpg	data/nyu2_train/dining_room_0031_out/356.png
data/nyu2_train/dining_room_0031_out/251.jpg	data/nyu2_train/dining_room_0031_out/251.png
data/nyu2_train/dining_room_0031_out/409.jpg	data/nyu2_train/dining_room_0031_out/409.png
data/nyu2_train/dining_room_0031_out/112.jpg	data/nyu2_train/dining_room_0031_out/112.png
data/nyu2_train/dining_room_0031_out/430.jpg	data/nyu2_train/dining_room_0031_out/430.png
data/nyu2_train/dining_room_0031_out/346.jpg	data/nyu2_train/dining_room_0031_out/346.png
data/nyu2_train/dining_room_0031_out/307.jpg	data/nyu2_train/dining_room_0031_out/307.png
data/nyu2_train/dining_room_0031_out/494.jpg	data/nyu2_train/dining_room_0031_out/494.png
data/nyu2_train/dining_room_0031_out/374.jpg	data/nyu2_train/dining_room_0031_out/374.png
data/nyu2_train/dining_room_0031_out/552.jpg	data/nyu2_train/dining_room_0031_out/552.png
data/nyu2_train/dining_room_0031_out/213.jpg	data/nyu2_train/dining_room_0031_out/213.png
data/nyu2_train/dining_room_0031_out/400.jpg	data/nyu2_train/dining_room_0031_out/400.png
data/nyu2_train/dining_room_0031_out/381.jpg	data/nyu2_train/dining_room_0031_out/381.png
data/nyu2_train/dining_room_0031_out/1.jpg	data/nyu2_train/dining_room_0031_out/1.png
data/nyu2_train/dining_room_0031_out/148.jpg	data/nyu2_train/dining_room_0031_out/148.png
data/nyu2_train/dining_room_0031_out/173.jpg	data/nyu2_train/dining_room_0031_out/173.png
data/nyu2_train/dining_room_0031_out/84.jpg	data/nyu2_train/dining_room_0031_out/84.png
data/nyu2_train/dining_room_0031_out/92.jpg	data/nyu2_train/dining_room_0031_out/92.png
data/nyu2_train/dining_room_0031_out/133.jpg	data/nyu2_train/dining_room_0031_out/133.png
data/nyu2_train/dining_room_0031_out/236.jpg	data/nyu2_train/dining_room_0031_out/236.png
data/nyu2_train/dining_room_0031_out/557.jpg	data/nyu2_train/dining_room_0031_out/557.png
data/nyu2_train/dining_room_0031_out/176.jpg	data/nyu2_train/dining_room_0031_out/176.png
data/nyu2_train/dining_room_0031_out/150.jpg	data/nyu2_train/dining_room_0031_out/150.png
data/nyu2_train/dining_room_0031_out/107.jpg	data/nyu2_train/dining_room_0031_out/107.png
data/nyu2_train/dining_room_0031_out/439.jpg	data/nyu2_train/dining_room_0031_out/439.png
data/nyu2_train/dining_room_0031_out/335.jpg	data/nyu2_train/dining_room_0031_out/335.png
data/nyu2_train/dining_room_0031_out/399.jpg	data/nyu2_train/dining_room_0031_out/399.png
data/nyu2_train/dining_room_0031_out/136.jpg	data/nyu2_train/dining_room_0031_out/136.png
data/nyu2_train/dining_room_0031_out/51.jpg	data/nyu2_train/dining_room_0031_out/51.png
data/nyu2_train/dining_room_0031_out/7.jpg	data/nyu2_train/dining_room_0031_out/7.png
data/nyu2_train/dining_room_0031_out/422.jpg	data/nyu2_train/dining_room_0031_out/422.png
data/nyu2_train/dining_room_0031_out/263.jpg	data/nyu2_train/dining_room_0031_out/263.png
data/nyu2_train/dining_room_0031_out/97.jpg	data/nyu2_train/dining_room_0031_out/97.png
data/nyu2_train/dining_room_0031_out/315.jpg	data/nyu2_train/dining_room_0031_out/315.png
data/nyu2_train/dining_room_0031_out/369.jpg	data/nyu2_train/dining_room_0031_out/369.png
data/nyu2_train/dining_room_0031_out/195.jpg	data/nyu2_train/dining_room_0031_out/195.png
data/nyu2_train/dining_room_0031_out/15.jpg	data/nyu2_train/dining_room_0031_out/15.png
data/nyu2_train/dining_room_0031_out/466.jpg	data/nyu2_train/dining_room_0031_out/466.png
data/nyu2_train/dining_room_0031_out/156.jpg	data/nyu2_train/dining_room_0031_out/156.png
data/nyu2_train/dining_room_0031_out/267.jpg	data/nyu2_train/dining_room_0031_out/267.png
data/nyu2_train/dining_room_0031_out/437.jpg	data/nyu2_train/dining_room_0031_out/437.png
data/nyu2_train/dining_room_0031_out/77.jpg	data/nyu2_train/dining_room_0031_out/77.png
data/nyu2_train/dining_room_0031_out/576.jpg	data/nyu2_train/dining_room_0031_out/576.png
data/nyu2_train/dining_room_0031_out/117.jpg	data/nyu2_train/dining_room_0031_out/117.png
data/nyu2_train/dining_room_0031_out/175.jpg	data/nyu2_train/dining_room_0031_out/175.png
data/nyu2_train/dining_room_0031_out/380.jpg	data/nyu2_train/dining_room_0031_out/380.png
data/nyu2_train/dining_room_0031_out/288.jpg	data/nyu2_train/dining_room_0031_out/288.png
data/nyu2_train/dining_room_0031_out/483.jpg	data/nyu2_train/dining_room_0031_out/483.png
data/nyu2_train/dining_room_0031_out/301.jpg	data/nyu2_train/dining_room_0031_out/301.png
data/nyu2_train/dining_room_0031_out/125.jpg	data/nyu2_train/dining_room_0031_out/125.png
data/nyu2_train/dining_room_0031_out/322.jpg	data/nyu2_train/dining_room_0031_out/322.png
data/nyu2_train/dining_room_0031_out/89.jpg	data/nyu2_train/dining_room_0031_out/89.png
data/nyu2_train/dining_room_0031_out/102.jpg	data/nyu2_train/dining_room_0031_out/102.png
data/nyu2_train/dining_room_0031_out/181.jpg	data/nyu2_train/dining_room_0031_out/181.png
data/nyu2_train/dining_room_0031_out/221.jpg	data/nyu2_train/dining_room_0031_out/221.png
data/nyu2_train/dining_room_0031_out/99.jpg	data/nyu2_train/dining_room_0031_out/99.png
data/nyu2_train/dining_room_0031_out/515.jpg	data/nyu2_train/dining_room_0031_out/515.png
data/nyu2_train/dining_room_0031_out/233.jpg	data/nyu2_train/dining_room_0031_out/233.png
data/nyu2_train/dining_room_0031_out/216.jpg	data/nyu2_train/dining_room_0031_out/216.png
data/nyu2_train/dining_room_0031_out/462.jpg	data/nyu2_train/dining_room_0031_out/462.png
data/nyu2_train/dining_room_0031_out/502.jpg	data/nyu2_train/dining_room_0031_out/502.png
data/nyu2_train/dining_room_0031_out/309.jpg	data/nyu2_train/dining_room_0031_out/309.png
data/nyu2_train/dining_room_0031_out/292.jpg	data/nyu2_train/dining_room_0031_out/292.png
data/nyu2_train/dining_room_0031_out/72.jpg	data/nyu2_train/dining_room_0031_out/72.png
data/nyu2_train/dining_room_0031_out/463.jpg	data/nyu2_train/dining_room_0031_out/463.png
data/nyu2_train/dining_room_0031_out/271.jpg	data/nyu2_train/dining_room_0031_out/271.png
data/nyu2_train/dining_room_0031_out/482.jpg	data/nyu2_train/dining_room_0031_out/482.png
data/nyu2_train/dining_room_0031_out/500.jpg	data/nyu2_train/dining_room_0031_out/500.png
data/nyu2_train/dining_room_0031_out/178.jpg	data/nyu2_train/dining_room_0031_out/178.png
data/nyu2_train/dining_room_0031_out/286.jpg	data/nyu2_train/dining_room_0031_out/286.png
data/nyu2_train/dining_room_0031_out/423.jpg	data/nyu2_train/dining_room_0031_out/423.png
data/nyu2_train/dining_room_0031_out/504.jpg	data/nyu2_train/dining_room_0031_out/504.png
data/nyu2_train/dining_room_0031_out/157.jpg	data/nyu2_train/dining_room_0031_out/157.png
data/nyu2_train/dining_room_0031_out/551.jpg	data/nyu2_train/dining_room_0031_out/551.png
data/nyu2_train/dining_room_0031_out/81.jpg	data/nyu2_train/dining_room_0031_out/81.png
data/nyu2_train/dining_room_0031_out/438.jpg	data/nyu2_train/dining_room_0031_out/438.png
data/nyu2_train/dining_room_0031_out/277.jpg	data/nyu2_train/dining_room_0031_out/277.png
data/nyu2_train/dining_room_0031_out/414.jpg	data/nyu2_train/dining_room_0031_out/414.png
data/nyu2_train/dining_room_0031_out/33.jpg	data/nyu2_train/dining_room_0031_out/33.png
data/nyu2_train/dining_room_0031_out/492.jpg	data/nyu2_train/dining_room_0031_out/492.png
data/nyu2_train/dining_room_0031_out/215.jpg	data/nyu2_train/dining_room_0031_out/215.png
data/nyu2_train/dining_room_0031_out/27.jpg	data/nyu2_train/dining_room_0031_out/27.png
data/nyu2_train/dining_room_0031_out/139.jpg	data/nyu2_train/dining_room_0031_out/139.png
data/nyu2_train/dining_room_0031_out/391.jpg	data/nyu2_train/dining_room_0031_out/391.png
data/nyu2_train/dining_room_0031_out/38.jpg	data/nyu2_train/dining_room_0031_out/38.png
data/nyu2_train/dining_room_0031_out/281.jpg	data/nyu2_train/dining_room_0031_out/281.png
data/nyu2_train/dining_room_0031_out/404.jpg	data/nyu2_train/dining_room_0031_out/404.png
data/nyu2_train/dining_room_0031_out/202.jpg	data/nyu2_train/dining_room_0031_out/202.png
data/nyu2_train/dining_room_0031_out/565.jpg	data/nyu2_train/dining_room_0031_out/565.png
data/nyu2_train/dining_room_0031_out/219.jpg	data/nyu2_train/dining_room_0031_out/219.png
data/nyu2_train/dining_room_0031_out/559.jpg	data/nyu2_train/dining_room_0031_out/559.png
data/nyu2_train/dining_room_0031_out/416.jpg	data/nyu2_train/dining_room_0031_out/416.png
data/nyu2_train/dining_room_0031_out/154.jpg	data/nyu2_train/dining_room_0031_out/154.png
data/nyu2_train/dining_room_0031_out/331.jpg	data/nyu2_train/dining_room_0031_out/331.png
data/nyu2_train/dining_room_0031_out/388.jpg	data/nyu2_train/dining_room_0031_out/388.png
data/nyu2_train/dining_room_0031_out/220.jpg	data/nyu2_train/dining_room_0031_out/220.png
data/nyu2_train/dining_room_0031_out/224.jpg	data/nyu2_train/dining_room_0031_out/224.png
data/nyu2_train/dining_room_0031_out/78.jpg	data/nyu2_train/dining_room_0031_out/78.png
data/nyu2_train/dining_room_0031_out/73.jpg	data/nyu2_train/dining_room_0031_out/73.png
data/nyu2_train/dining_room_0031_out/159.jpg	data/nyu2_train/dining_room_0031_out/159.png
data/nyu2_train/dining_room_0031_out/415.jpg	data/nyu2_train/dining_room_0031_out/415.png
data/nyu2_train/dining_room_0031_out/326.jpg	data/nyu2_train/dining_room_0031_out/326.png
data/nyu2_train/dining_room_0031_out/521.jpg	data/nyu2_train/dining_room_0031_out/521.png
data/nyu2_train/dining_room_0031_out/319.jpg	data/nyu2_train/dining_room_0031_out/319.png
data/nyu2_train/dining_room_0031_out/496.jpg	data/nyu2_train/dining_room_0031_out/496.png
data/nyu2_train/dining_room_0031_out/444.jpg	data/nyu2_train/dining_room_0031_out/444.png
data/nyu2_train/dining_room_0031_out/325.jpg	data/nyu2_train/dining_room_0031_out/325.png
data/nyu2_train/dining_room_0031_out/110.jpg	data/nyu2_train/dining_room_0031_out/110.png
data/nyu2_train/dining_room_0031_out/177.jpg	data/nyu2_train/dining_room_0031_out/177.png
data/nyu2_train/dining_room_0031_out/490.jpg	data/nyu2_train/dining_room_0031_out/490.png
data/nyu2_train/dining_room_0031_out/523.jpg	data/nyu2_train/dining_room_0031_out/523.png
data/nyu2_train/dining_room_0031_out/143.jpg	data/nyu2_train/dining_room_0031_out/143.png
data/nyu2_train/dining_room_0031_out/83.jpg	data/nyu2_train/dining_room_0031_out/83.png
data/nyu2_train/dining_room_0031_out/546.jpg	data/nyu2_train/dining_room_0031_out/546.png
data/nyu2_train/dining_room_0031_out/87.jpg	data/nyu2_train/dining_room_0031_out/87.png
data/nyu2_train/dining_room_0031_out/522.jpg	data/nyu2_train/dining_room_0031_out/522.png
data/nyu2_train/dining_room_0031_out/186.jpg	data/nyu2_train/dining_room_0031_out/186.png
data/nyu2_train/dining_room_0031_out/59.jpg	data/nyu2_train/dining_room_0031_out/59.png
data/nyu2_train/dining_room_0031_out/36.jpg	data/nyu2_train/dining_room_0031_out/36.png
data/nyu2_train/dining_room_0031_out/395.jpg	data/nyu2_train/dining_room_0031_out/395.png
data/nyu2_train/dining_room_0031_out/20.jpg	data/nyu2_train/dining_room_0031_out/20.png
data/nyu2_train/dining_room_0031_out/469.jpg	data/nyu2_train/dining_room_0031_out/469.png
data/nyu2_train/dining_room_0031_out/362.jpg	data/nyu2_train/dining_room_0031_out/362.png
data/nyu2_train/dining_room_0031_out/450.jpg	data/nyu2_train/dining_room_0031_out/450.png
data/nyu2_train/dining_room_0031_out/534.jpg	data/nyu2_train/dining_room_0031_out/534.png
data/nyu2_train/dining_room_0031_out/553.jpg	data/nyu2_train/dining_room_0031_out/553.png
data/nyu2_train/dining_room_0031_out/525.jpg	data/nyu2_train/dining_room_0031_out/525.png
data/nyu2_train/dining_room_0031_out/258.jpg	data/nyu2_train/dining_room_0031_out/258.png
data/nyu2_train/dining_room_0031_out/278.jpg	data/nyu2_train/dining_room_0031_out/278.png
data/nyu2_train/dining_room_0031_out/499.jpg	data/nyu2_train/dining_room_0031_out/499.png
data/nyu2_train/dining_room_0031_out/406.jpg	data/nyu2_train/dining_room_0031_out/406.png
data/nyu2_train/dining_room_0031_out/165.jpg	data/nyu2_train/dining_room_0031_out/165.png
data/nyu2_train/dining_room_0031_out/459.jpg	data/nyu2_train/dining_room_0031_out/459.png
data/nyu2_train/dining_room_0031_out/461.jpg	data/nyu2_train/dining_room_0031_out/461.png
data/nyu2_train/dining_room_0031_out/368.jpg	data/nyu2_train/dining_room_0031_out/368.png
data/nyu2_train/dining_room_0031_out/106.jpg	data/nyu2_train/dining_room_0031_out/106.png
data/nyu2_train/dining_room_0031_out/145.jpg	data/nyu2_train/dining_room_0031_out/145.png
data/nyu2_train/dining_room_0031_out/190.jpg	data/nyu2_train/dining_room_0031_out/190.png
data/nyu2_train/dining_room_0031_out/172.jpg	data/nyu2_train/dining_room_0031_out/172.png
data/nyu2_train/dining_room_0031_out/432.jpg	data/nyu2_train/dining_room_0031_out/432.png
data/nyu2_train/dining_room_0031_out/257.jpg	data/nyu2_train/dining_room_0031_out/257.png
data/nyu2_train/dining_room_0031_out/65.jpg	data/nyu2_train/dining_room_0031_out/65.png
data/nyu2_train/dining_room_0031_out/350.jpg	data/nyu2_train/dining_room_0031_out/350.png
data/nyu2_train/dining_room_0031_out/302.jpg	data/nyu2_train/dining_room_0031_out/302.png
data/nyu2_train/dining_room_0031_out/410.jpg	data/nyu2_train/dining_room_0031_out/410.png
data/nyu2_train/dining_room_0031_out/206.jpg	data/nyu2_train/dining_room_0031_out/206.png
data/nyu2_train/dining_room_0031_out/120.jpg	data/nyu2_train/dining_room_0031_out/120.png
data/nyu2_train/dining_room_0031_out/314.jpg	data/nyu2_train/dining_room_0031_out/314.png
data/nyu2_train/dining_room_0031_out/86.jpg	data/nyu2_train/dining_room_0031_out/86.png
data/nyu2_train/dining_room_0031_out/341.jpg	data/nyu2_train/dining_room_0031_out/341.png
data/nyu2_train/dining_room_0031_out/303.jpg	data/nyu2_train/dining_room_0031_out/303.png
data/nyu2_train/dining_room_0031_out/329.jpg	data/nyu2_train/dining_room_0031_out/329.png
data/nyu2_train/dining_room_0031_out/44.jpg	data/nyu2_train/dining_room_0031_out/44.png
data/nyu2_train/dining_room_0031_out/63.jpg	data/nyu2_train/dining_room_0031_out/63.png
data/nyu2_train/dining_room_0031_out/300.jpg	data/nyu2_train/dining_room_0031_out/300.png
data/nyu2_train/dining_room_0031_out/452.jpg	data/nyu2_train/dining_room_0031_out/452.png
data/nyu2_train/dining_room_0031_out/541.jpg	data/nyu2_train/dining_room_0031_out/541.png
data/nyu2_train/dining_room_0031_out/540.jpg	data/nyu2_train/dining_room_0031_out/540.png
data/nyu2_train/dining_room_0031_out/497.jpg	data/nyu2_train/dining_room_0031_out/497.png
data/nyu2_train/dining_room_0031_out/196.jpg	data/nyu2_train/dining_room_0031_out/196.png
data/nyu2_train/dining_room_0031_out/508.jpg	data/nyu2_train/dining_room_0031_out/508.png
data/nyu2_train/dining_room_0031_out/571.jpg	data/nyu2_train/dining_room_0031_out/571.png
data/nyu2_train/dining_room_0031_out/359.jpg	data/nyu2_train/dining_room_0031_out/359.png
data/nyu2_train/dining_room_0031_out/116.jpg	data/nyu2_train/dining_room_0031_out/116.png
data/nyu2_train/dining_room_0031_out/428.jpg	data/nyu2_train/dining_room_0031_out/428.png
data/nyu2_train/dining_room_0031_out/61.jpg	data/nyu2_train/dining_room_0031_out/61.png
data/nyu2_train/dining_room_0031_out/266.jpg	data/nyu2_train/dining_room_0031_out/266.png
data/nyu2_train/dining_room_0031_out/373.jpg	data/nyu2_train/dining_room_0031_out/373.png
data/nyu2_train/dining_room_0031_out/32.jpg	data/nyu2_train/dining_room_0031_out/32.png
data/nyu2_train/dining_room_0031_out/240.jpg	data/nyu2_train/dining_room_0031_out/240.png
data/nyu2_train/dining_room_0031_out/336.jpg	data/nyu2_train/dining_room_0031_out/336.png
data/nyu2_train/dining_room_0031_out/123.jpg	data/nyu2_train/dining_room_0031_out/123.png
data/nyu2_train/dining_room_0031_out/260.jpg	data/nyu2_train/dining_room_0031_out/260.png
data/nyu2_train/dining_room_0031_out/378.jpg	data/nyu2_train/dining_room_0031_out/378.png
data/nyu2_train/dining_room_0031_out/567.jpg	data/nyu2_train/dining_room_0031_out/567.png
data/nyu2_train/dining_room_0031_out/23.jpg	data/nyu2_train/dining_room_0031_out/23.png
data/nyu2_train/dining_room_0031_out/199.jpg	data/nyu2_train/dining_room_0031_out/199.png
data/nyu2_train/dining_room_0031_out/545.jpg	data/nyu2_train/dining_room_0031_out/545.png
data/nyu2_train/dining_room_0031_out/539.jpg	data/nyu2_train/dining_room_0031_out/539.png
data/nyu2_train/dining_room_0031_out/74.jpg	data/nyu2_train/dining_room_0031_out/74.png
data/nyu2_train/dining_room_0031_out/164.jpg	data/nyu2_train/dining_room_0031_out/164.png
data/nyu2_train/dining_room_0031_out/141.jpg	data/nyu2_train/dining_room_0031_out/141.png
data/nyu2_train/dining_room_0031_out/52.jpg	data/nyu2_train/dining_room_0031_out/52.png
data/nyu2_train/dining_room_0031_out/491.jpg	data/nyu2_train/dining_room_0031_out/491.png
data/nyu2_train/dining_room_0031_out/294.jpg	data/nyu2_train/dining_room_0031_out/294.png
data/nyu2_train/dining_room_0031_out/284.jpg	data/nyu2_train/dining_room_0031_out/284.png
data/nyu2_train/dining_room_0031_out/66.jpg	data/nyu2_train/dining_room_0031_out/66.png
data/nyu2_train/dining_room_0031_out/24.jpg	data/nyu2_train/dining_room_0031_out/24.png
data/nyu2_train/dining_room_0031_out/22.jpg	data/nyu2_train/dining_room_0031_out/22.png
data/nyu2_train/dining_room_0031_out/505.jpg	data/nyu2_train/dining_room_0031_out/505.png
data/nyu2_train/dining_room_0031_out/556.jpg	data/nyu2_train/dining_room_0031_out/556.png
data/nyu2_train/dining_room_0031_out/371.jpg	data/nyu2_train/dining_room_0031_out/371.png
data/nyu2_train/dining_room_0031_out/385.jpg	data/nyu2_train/dining_room_0031_out/385.png
data/nyu2_train/dining_room_0031_out/192.jpg	data/nyu2_train/dining_room_0031_out/192.png
data/nyu2_train/dining_room_0031_out/305.jpg	data/nyu2_train/dining_room_0031_out/305.png
data/nyu2_train/dining_room_0031_out/544.jpg	data/nyu2_train/dining_room_0031_out/544.png
data/nyu2_train/dining_room_0031_out/166.jpg	data/nyu2_train/dining_room_0031_out/166.png
data/nyu2_train/dining_room_0031_out/223.jpg	data/nyu2_train/dining_room_0031_out/223.png
data/nyu2_train/dining_room_0031_out/323.jpg	data/nyu2_train/dining_room_0031_out/323.png
data/nyu2_train/dining_room_0031_out/270.jpg	data/nyu2_train/dining_room_0031_out/270.png
data/nyu2_train/dining_room_0031_out/80.jpg	data/nyu2_train/dining_room_0031_out/80.png
data/nyu2_train/dining_room_0031_out/238.jpg	data/nyu2_train/dining_room_0031_out/238.png
data/nyu2_train/dining_room_0031_out/481.jpg	data/nyu2_train/dining_room_0031_out/481.png
data/nyu2_train/dining_room_0031_out/237.jpg	data/nyu2_train/dining_room_0031_out/237.png
data/nyu2_train/dining_room_0031_out/96.jpg	data/nyu2_train/dining_room_0031_out/96.png
data/nyu2_train/dining_room_0031_out/269.jpg	data/nyu2_train/dining_room_0031_out/269.png
data/nyu2_train/dining_room_0031_out/446.jpg	data/nyu2_train/dining_room_0031_out/446.png
data/nyu2_train/dining_room_0031_out/543.jpg	data/nyu2_train/dining_room_0031_out/543.png
data/nyu2_train/dining_room_0031_out/456.jpg	data/nyu2_train/dining_room_0031_out/456.png
data/nyu2_train/dining_room_0031_out/436.jpg	data/nyu2_train/dining_room_0031_out/436.png
data/nyu2_train/dining_room_0031_out/389.jpg	data/nyu2_train/dining_room_0031_out/389.png
data/nyu2_train/dining_room_0031_out/445.jpg	data/nyu2_train/dining_room_0031_out/445.png
data/nyu2_train/dining_room_0031_out/512.jpg	data/nyu2_train/dining_room_0031_out/512.png
data/nyu2_train/dining_room_0031_out/310.jpg	data/nyu2_train/dining_room_0031_out/310.png
data/nyu2_train/dining_room_0031_out/392.jpg	data/nyu2_train/dining_room_0031_out/392.png
data/nyu2_train/dining_room_0031_out/393.jpg	data/nyu2_train/dining_room_0031_out/393.png
data/nyu2_train/dining_room_0031_out/246.jpg	data/nyu2_train/dining_room_0031_out/246.png
data/nyu2_train/dining_room_0031_out/475.jpg	data/nyu2_train/dining_room_0031_out/475.png
data/nyu2_train/dining_room_0031_out/204.jpg	data/nyu2_train/dining_room_0031_out/204.png
data/nyu2_train/dining_room_0031_out/538.jpg	data/nyu2_train/dining_room_0031_out/538.png
data/nyu2_train/dining_room_0031_out/26.jpg	data/nyu2_train/dining_room_0031_out/26.png
data/nyu2_train/dining_room_0031_out/88.jpg	data/nyu2_train/dining_room_0031_out/88.png
data/nyu2_train/dining_room_0031_out/417.jpg	data/nyu2_train/dining_room_0031_out/417.png
data/nyu2_train/dining_room_0031_out/453.jpg	data/nyu2_train/dining_room_0031_out/453.png
data/nyu2_train/dining_room_0031_out/9.jpg	data/nyu2_train/dining_room_0031_out/9.png
data/nyu2_train/dining_room_0031_out/109.jpg	data/nyu2_train/dining_room_0031_out/109.png
data/nyu2_train/dining_room_0031_out/347.jpg	data/nyu2_train/dining_room_0031_out/347.png
data/nyu2_train/dining_room_0031_out/420.jpg	data/nyu2_train/dining_room_0031_out/420.png
data/nyu2_train/dining_room_0031_out/542.jpg	data/nyu2_train/dining_room_0031_out/542.png
data/nyu2_train/dining_room_0031_out/375.jpg	data/nyu2_train/dining_room_0031_out/375.png
data/nyu2_train/dining_room_0031_out/403.jpg	data/nyu2_train/dining_room_0031_out/403.png
data/nyu2_train/dining_room_0031_out/401.jpg	data/nyu2_train/dining_room_0031_out/401.png
data/nyu2_train/dining_room_0031_out/441.jpg	data/nyu2_train/dining_room_0031_out/441.png
data/nyu2_train/dining_room_0031_out/365.jpg	data/nyu2_train/dining_room_0031_out/365.png
data/nyu2_train/dining_room_0031_out/447.jpg	data/nyu2_train/dining_room_0031_out/447.png
data/nyu2_train/dining_room_0031_out/90.jpg	data/nyu2_train/dining_room_0031_out/90.png
data/nyu2_train/dining_room_0031_out/564.jpg	data/nyu2_train/dining_room_0031_out/564.png